{
 "charts": [],
 "content": "[{\"id\":\"Vthf2ccKJG\",\"type\":\"shortcut\",\"data\":{\"shortcut_name\":\"Document Request Form\",\"col\":4}},{\"id\":\"36vvT7Ke93\",\"type\":\"spacer\",\"data\":{\"col\":12}},{\"id\":\"7kJTcPhpI9\",\"type\":\"card\",\"data\":{\"card_name\":\"Letters/Certificates\",\"col\":4}},{\"id\":\"j8goM3XP_J\",\"type\":\"card\",\"data\":{\"card_name\":\"Employment\",\"col\":4}}]",
 "creation": "2024-01-08 12:05:28.425059",
 "custom_blocks": [],
 "docstatus": 0,
 "doctype": "Workspace",
 "for_user": "",
 "hide_custom": 0,
 "icon": "file",
 "idx": 0,
 "is_hidden": 0,
 "label": "Documents",
 "links": [
  {
   "hidden": 0,
   "is_query_report": 0,
   "label": "Certificate of Employment",
   "link_count": 0,
   "link_to": "Certificate of Employment",
   "link_type": "DocType",
   "onboard": 0,
   "type": "Link"
  },
  {
   "hidden": 0,
   "is_query_report": 0,
   "label": "Termination Letter",
   "link_count": 0,
   "link_to": "Termination Letter",
   "link_type": "DocType",
   "onboard": 0,
   "type": "Link"
  },
  {
   "hidden": 0,
   "is_query_report": 0,
   "label": "Employment",
   "link_count": 1,
   "onboard": 0,
   "type": "Card Break"
  },
  {
   "hidden": 0,
   "is_query_report": 0,
   "label": "Employment Contract",
   "link_count": 0,
   "link_to": "Employment Contract",
   "link_type": "DocType",
   "onboard": 0,
   "type": "Link"
  },
  {
   "hidden": 0,
   "is_query_report": 0,
   "label": "Letters/Certificates",
   "link_count": 5,
   "onboard": 0,
   "type": "Card Break"
  },
  {
   "hidden": 0,
   "is_query_report": 0,
   "label": "Certificate Of Employment",
   "link_count": 0,
   "link_to": "Certificate of Employment",
   "link_type": "DocType",
   "onboard": 0,
   "type": "Link"
  },
  {
   "hidden": 0,
   "is_query_report": 0,
   "label": "Work Experience Certificate",
   "link_count": 0,
   "link_to": "Work Experience Certificate",
   "link_type": "DocType",
   "onboard": 0,
   "type": "Link"
  },
  {
   "hidden": 0,
   "is_query_report": 0,
   "label": "NOC",
   "link_count": 0,
   "link_to": "NOC",
   "link_type": "DocType",
   "onboard": 0,
   "type": "Link"
  },
  {
   "hidden": 0,
   "is_query_report": 0,
   "label": "Warning Letter",
   "link_count": 0,
   "link_to": "Warning Letter",
   "link_type": "DocType",
   "onboard": 0,
   "type": "Link"
  },
  {
   "hidden": 0,
   "is_query_report": 0,
   "label": "Termination Letter",
   "link_count": 0,
   "link_to": "Termination Letter",
   "link_type": "DocType",
   "onboard": 0,
   "type": "Link"
  }
 ],
 "modified": "2024-01-15 15:59:51.061667",
 "modified_by": "Administrator",
 "module": "Craft HR",
 "name": "Documents",
 "number_cards": [],
 "owner": "Administrator",
 "parent_page": "HR",
 "public": 1,
 "quick_lists": [],
 "roles": [],
 "sequence_id": 39.0,
 "shortcuts": [
  {
   "color": "Grey",
   "doc_view": "New",
   "label": "Document Request Form",
   "link_to": "Document Request Form",
   "stats_filter": "[]",
   "type": "DocType"
  }
 ],
 "title": "Documents"
}