{
 "actions": [],
 "allow_rename": 1,
 "creation": "2023-10-12 10:18:13.456130",
 "default_view": "List",
 "doctype": "DocType",
 "editable_grid": 1,
 "engine": "InnoDB",
 "field_order": [
  "employee",
  "employee_name",
  "department",
  "date",
  "column_break_dutcm",
  "ot",
  "hot",
  "food_allowance"
 ],
 "fields": [
  {
   "columns": 3,
   "fieldname": "employee",
   "fieldtype": "Link",
   "in_list_view": 1,
   "label": "Employee",
   "options": "Employee"
  },
  {
   "fetch_from": "employee.employee_name",
   "fieldname": "employee_name",
   "fieldtype": "Data",
   "label": "Employee Name",
   "read_only": 1
  },
  {
   "columns": 2,
   "fetch_from": "employee.department",
   "fieldname": "department",
   "fieldtype": "Link",
   "in_list_view": 1,
   "label": "Department",
   "options": "Department",
   "read_only": 1
  },
  {
   "fieldname": "date",
   "fieldtype": "Date",
   "label": "Date",
   "read_only": 1
  },
  {
   "fieldname": "column_break_dutcm",
   "fieldtype": "Column Break"
  },
  {
   "columns": 1,
   "fieldname": "ot",
   "fieldtype": "Float",
   "in_list_view": 1,
   "label": "Overtime"
  },
  {
   "columns": 1,
   "fieldname": "hot",
   "fieldtype": "Float",
   "in_list_view": 1,
   "label": "Holiday Overtime"
  },
  {
   "columns": 2,
   "fieldname": "food_allowance",
   "fieldtype": "Currency",
   "in_list_view": 1,
   "label": "Food Allowance"
  }
 ],
 "index_web_pages_for_search": 1,
 "istable": 1,
 "links": [],
 "modified": "2023-10-24 14:04:05.200907",
 "modified_by": "Administrator",
 "module": "Craft HR",
 "name": "Overtime Hours",
 "owner": "Administrator",
 "permissions": [],
 "sort_field": "modified",
 "sort_order": "DESC",
 "states": []
}