[
 {
  "default_value": null,
  "doc_type": "Leave Allocation",
  "docstatus": 0,
  "doctype": "Property Setter",
  "doctype_or_field": "DocField",
  "field_name": "new_leaves_allocated",
  "is_system_generated": 0,
  "modified": "2023-10-06 14:13:57.536174",
  "module": "Craft HR",
  "name": "Leave Allocation-new_leaves_allocated-read_only_depends_on",
  "property": "read_only_depends_on",
  "property_type": "Data",
  "row_name": null,
  "value": "eval:doc.custom_is_earned_leave && doc.custom_leave_distribution_template"
 },
 {
  "default_value": null,
  "doc_type": "Leave Allocation",
  "docstatus": 0,
  "doctype": "Property Setter",
  "doctype_or_field": "DocField",
  "field_name": "new_leaves_allocated",
  "is_system_generated": 0,
  "modified": "2023-10-06 14:13:57.730348",
  "module": "Craft HR",
  "name": "Leave Allocation-new_leaves_allocated-depends_on",
  "property": "depends_on",
  "property_type": "Data",
  "row_name": null,
  "value": "eval:!doc.custom_is_earned_leave"
 },
 {
  "default_value": null,
  "doc_type": "Leave Allocation",
  "docstatus": 0,
  "doctype": "Property Setter",
  "doctype_or_field": "DocField",
  "field_name": "total_leaves_allocated",
  "is_system_generated": 0,
  "modified": "2023-10-06 14:13:57.773189",
  "module": "Craft HR",
  "name": "Leave Allocation-total_leaves_allocated-default",
  "property": "default",
  "property_type": "Text",
  "row_name": null,
  "value": "0"
 },
 {
  "default_value": null,
  "doc_type": "Leave Allocation",
  "docstatus": 0,
  "doctype": "Property Setter",
  "doctype_or_field": "DocField",
  "field_name": "section_break_6",
  "is_system_generated": 0,
  "modified": "2023-10-06 14:13:57.715304",
  "module": "Craft HR",
  "name": "Leave Allocation-section_break_6-depends_on",
  "property": "depends_on",
  "property_type": "Data",
  "row_name": null,
  "value": ""
 },
 {
  "default_value": null,
  "doc_type": "Leave Allocation",
  "docstatus": 0,
  "doctype": "Property Setter",
  "doctype_or_field": "DocField",
  "field_name": "carry_forward",
  "is_system_generated": 0,
  "modified": "2024-01-10 10:23:02.795621",
  "module": "Craft HR",
  "name": "Leave Allocation-carry_forward-depends_on",
  "property": "depends_on",
  "property_type": "Data",
  "row_name": null,
  "value": "eval:!doc.custom_is_earned_leave"
 }
]